METADATA,ElementEntryWithCosting,EffectiveEndDate,EffectiveStartDate,ElementEntryId,ElementTypeId,ElementName,AssignmentId,AssignmentNumber,Reason,Subpriority,EntryType,EntrySequence,CreateEntrySequence,SourceSystemOwner,SourceSystemId,GUID,InputValueName1,InputValueName10,InputValueName11,InputValueName12,InputValueName13,InputValueName14,InputValueName15,InputValueName16,InputValueName17,InputValueName18,InputValueName19,InputValueName2,InputValueName20,InputValueName21,InputValueName22,InputValueName23,InputValueName24,InputValueName25,InputValueName26,InputValueName27,InputValueName28,InputValueName29,InputValueName3,InputValueName30,InputValueName31,InputValueName32,InputValueName33,InputValueName34,InputValueName35,InputValueName36,InputValueName37,InputValueName38,InputValueName39,InputValueName4,InputValueName40,InputValueName5,InputValueName6,InputValueName7,InputValueName8,InputValueName9,ScreenEntryValue1,ScreenEntryValue10,ScreenEntryValue11,ScreenEntryValue12,ScreenEntryValue13,ScreenEntryValue14,ScreenEntryValue15,ScreenEntryValue16,ScreenEntryValue17,ScreenEntryValue18,ScreenEntryValue19,ScreenEntryValue2,ScreenEntryValue20,ScreenEntryValue21,ScreenEntryValue22,ScreenEntryValue23,ScreenEntryValue24,ScreenEntryValue25,ScreenEntryValue26,ScreenEntryValue27,ScreenEntryValue28,ScreenEntryValue29,ScreenEntryValue3,ScreenEntryValue30,ScreenEntryValue31,ScreenEntryValue32,ScreenEntryValue33,ScreenEntryValue34,ScreenEntryValue35,ScreenEntryValue36,ScreenEntryValue37,ScreenEntryValue38,ScreenEntryValue39,ScreenEntryValue4,ScreenEntryValue40,ScreenEntryValue5,ScreenEntryValue6,ScreenEntryValue7,ScreenEntryValue8,ScreenEntryValue9,Segment1,Segment10,Segment11,Segment12,Segment13,Segment14,Segment15,Segment16,Segment17,Segment18,Segment19,Segment2,Segment20,Segment21,Segment22,Segment23,Segment24,Segment25,Segment26,Segment27,Segment28,Segment29,Segment3,Segment30,Segment4,Segment5,Segment6,Segment7,Segment8,Segment9
MERGE,ElementEntryWithCosting,2026/08/01,2026/08/01,,,Bonus Supplemental,,E21,Element Entry Testing through HDL Load,,E,,1,OIC_LAB,RQST_21,,Amount,Earned Date,Earned Start Date,Earned End Date,,,,,,,,,,,,,,,,,,,,,,,,,,,,,,,,,,,,,99.99,2026/08/01,2026/08/01,2026/08/01,,,,,,,,,,,,,,,,,,,,,,,,,,,,,,,,,,,,,,,,,,,,,,,,,,,,,,,,,,,,,121,,,,,
MERGE,ElementEntryWithCosting,2026/08/01,2026/08/01,,,Gift Card - Deduction,,E22,Element Entry Testing through HDL Load,,E,,2,OIC_LAB,RQST_22,,Amount,,,,,,,,,,,,,,,,,,,,,,,,,,,,,,,,,,,,,,,,99.99,,,,,,,,,,,,,,,,,,,,,,,,,,,,,,,,,,,,,,,,,,,,,,,,,,,,,,,,,,,,,,,,,,,,,
MERGE,ElementEntryWithCosting,2026/08/01,2026/08/01,,,EY Loan,,E23,Element Entry Testing through HDL Load,,E,,3,OIC_LAB,RQST_23,,Amount,,,,,,,,,,,,,,,,,,,,,,,,,,,,,,,,,,,,,,,,99.99,,,,,,,,,,,,,,,,,,,,,,,,,,,,,,,,,,,,,,,,,,,,,,,,,,,,,,,,,,,,,,,,,,,,,
MERGE,ElementEntryWithCosting,2026/08/01,2026/08/01,,,One Time Gift,,E24,Element Entry Testing through HDL Load,,E,,4,OIC_LAB,RQST_24,,Amount,,,,,,,,,,,,,,,,,,,,,,,,,,,,,,,,,,,,,,,,99.99,,,,,,,,,,,,,,,,,,,,,,,,,,,,,,,,,,,,,,,,,,,,,,,,,,,,,,,,,,,,,,,,,,,,,
MERGE,ElementEntryWithCosting,2026/08/01,2026/08/01,,,Legal Post Tax,,E25,Element Entry Testing through HDL Load,,E,,5,OIC_LAB,RQST_25,,Amount,,,,,,,,,,,,,,,,,,,,,,,,,,,,,,,,,,,,,,,,99.99,,,,,,,,,,,,,,,,,,,,,,,,,,,,,,,,,,,,,,,,,,,,,,,,,,,,,,,,,,,,,,,,,,,,,
MERGE,ElementEntryWithCosting,2026/08/01,2026/08/01,,,TATA Bonus,,E26,Element Entry Testing through HDL Load,,E,,6,OIC_LAB,RQST_26,,Amount,Earned Date,,,,,,,,,,,,,,,,,,,,,,,,,,,,,,,,,,,,,,,99.99,2026/08/01,,,,,,,,,,,,,,,,,,,,,,,,,,,,,,,,,,,,,,,,,,,,,,,,,,,,,,,,,,,,,,,,,,,,
MERGE,ElementEntryWithCosting,2026/08/01,2026/08/01,,,Incentive Pay,,E27,Element Entry Testing through HDL Load,,E,,7,OIC_LAB,RQST_27,,Amount,Earned Date,Earned Start Date,Earned End Date,,,,,,,,,,,,,,,,,,,,,,,,,,,,,,,,,,,,,99.99,2026/08/01,2026/08/01,2026/08/01,,,,,,,,,,,,,,,,,,,,,,,,,,,,,,,,,,,,,,,,,,,,,,,,,,,,,,,,,,,,,130,,,,,
MERGE,ElementEntryWithCosting,2026/08/01,2026/08/01,,,Commission,,E28,Element Entry Testing through HDL Load,,E,,8,OIC_LAB,RQST_28,,Amount,Earned Date,Earned Start Date,Earned End Date,,,,,,,,,,,,,,,,,,,,,,,,,,,,,,,,,,,,,99.99,2026/08/01,2026/08/01,2026/08/01,,,,,,,,,,,,,,,,,,,,,,,,,,,,,,,,,,,,,,,,,,,,,,,,,,,,,,,,,,,,,,,,,,
MERGE,ElementEntryWithCosting,2026/08/01,2026/08/01,,,Pretax 401k,,E29,Element Entry Testing through HDL Load,,E,,9,OIC_LAB,RQST_29,,Percentage,,,,,,,,,,,,,,,,,,,,,,,,,,,,,,,,,,,,,,,,10,,,,,,,,,,,,,,,,,,,,,,,,,,,,,,,,,,,,,,,,,,,,,,,,,,,,,,,,,,,,,,,,,,,,,
